comic;picture;pc
comic_1.jpg;photo_1.jpg;
comic_2.jpg;photo_2.jpg;
comic_3.jpg;photo_3.jpg;
comic_4.jpg;photo_4.jpg;
comic_5.jpg;photo_5.jpg;
comic_6.jpg;photo_6.jpg;
comic_6.jpg;photo_7.jpg;
comic_7.jpg;photo_8.jpg;
comic_8.jpg;photo_9.jpg;
comic_9.jpg;photo_10.jpg;
comic_10.jpg;photo_11.jpg;
comic_11.jpg;photo_12.jpg;
comic_12.jpg;photo_13.jpg;
comic_13.jpg;;pc_15.jpg
comic_14.jpg;photo_14.jpg;
comic_15.jpg;photo_14.jpg;
comic_16.jpg;;pc_12.jpg
comic_17.jpg;;pc_13.jpg
comic_18.jpg;;pc_14.jpg
comic_19.jpg;;pc_10.jpg
comic_20.jpg;photo_15.jpg;pc_11.jpg
comic_21.jpg;;pc_9.jpg
comic_22.jpg;photo_16.jpg;
comic_22.jpg;photo_17.jpg;
comic_23.jpg;photo_18.jpg;
comic_24.jpg;;pc_8.jpg
comic_25.jpg;photo_19.jpg;pc_7.jpg
comic_26.jpg;;pc_6.jpg
comic_27.jpg;photo_20.jpg;
comic_27.jpg;photo_21.jpg;
comic_28.jpg;photo_22.jpg;
comic_28.jpg;photo_23.jpg;
comic_28.jpg;photo_24.jpg;
comic_29.jpg;photo_22.jpg;
comic_29.jpg;photo_23.jpg;
comic_29.jpg;photo_24.jpg;
comic_30.jpg;photo_25.jpg;
comic_30.jpg;photo_26.jpg;
comic_31.jpg;photo_27.jpg;
comic_32.jpg;photo_28.jpg;
comic_33.jpg;photo_29.jpg;
comic_34.jpg;photo_31.jpg;
comic_35.jpg;photo_32.jpg;
comic_36.jpg;photo_33.jpg;